-- Insert 20 users into the users table
INSERT INTO users (first_name, last_name, email, password)
VALUES
('Alice', 'Johnson', 'alice.johnson@example.com', 'password123'),
('Bob', 'Smith', 'bob.smith@example.com', 'password123'),
('Charlie', 'Brown', 'charlie.brown@example.com', 'password123'),
('David', 'Williams', 'david.williams@example.com', 'password123'),
('Eve', 'Davis', 'eve.davis@example.com', 'password123'),
('Frank', 'Miller', 'frank.miller@example.com', 'password123'),
('Grace', 'Wilson', 'grace.wilson@example.com', 'password123'),
('Hannah', 'Moore', 'hannah.moore@example.com', 'password123'),
('Isaac', 'Taylor', 'isaac.taylor@example.com', 'password123'),
('Jack', 'Anderson', 'jack.anderson@example.com', 'password123'),
('Kylie', 'Thomas', 'kylie.thomas@example.com', 'password123'),
('Leo', 'Jackson', 'leo.jackson@example.com', 'password123'),
('Mona', 'White', 'mona.white@example.com', 'password123'),
('Nina', 'Harris', 'nina.harris@example.com', 'password123'),
('Oscar', 'Martin', 'oscar.martin@example.com', 'password123'),
('Paul', 'Garcia', 'paul.garcia@example.com', 'password123'),
('Quincy', 'Rodriguez', 'quincy.rodriguez@example.com', 'password123'),
('Rita', 'Lopez', 'rita.lopez@example.com', 'password123'),
('Sam', 'Walker', 'sam.walker@example.com', 'password123');

-- Insert locations for the users (example locations)
INSERT INTO locations (location_creator, location_name, location_category, location_address)
VALUES
(1, 'Alice\'s Attic', 'Attic', '123 Main St'),
(2, 'Bob\'s Garage', 'Storage Unit', '456 Oak Rd'),
(3, 'Charlie\'s Basement', 'House', '789 Pine Ave'),
(4, 'David\'s Storage', 'Storage Unit', '101 Maple Blvd'),
(5, 'Eve\'s Closet', 'Attic', '202 Birch Dr'),
(6, 'Frank\'s Storage', 'Storage Unit', '303 Cedar Ln'),
(7, 'Grace\'s House', 'House', '404 Elm St'),
(8, 'Hannah\'s Office', 'Storage Unit', '505 Ash Way'),
(9, 'Isaac\'s Attic', 'Attic', '606 Willow Rd'),
(10, 'Jack\'s Garage', 'Storage Unit', '707 Pine St'),
(11, 'Kylie\'s House', 'House', '808 Oak Ln'),
(12, 'Leo\'s Basement', 'House', '909 Cedar Ave'),
(13, 'Mona\'s Attic', 'Attic', '123 Maple Rd'),
(14, 'Nina\'s Storage', 'Storage Unit', '456 Birch St'),
(15, 'Oscar\'s House', 'House', '789 Elm Blvd'),
(16, 'Paul\'s Garage', 'Storage Unit', '101 Cedar Dr'),
(17, 'Quincy\'s Attic', 'Attic', '202 Pine Way'),
(18, 'Rita\'s Basement', 'House', '303 Willow Blvd'),
(19, 'Sam\'s Storage', 'Storage Unit', '404 Ash Ave'),
(20, 'Alice\'s Garage', 'Storage Unit', '505 Oak Blvd');

-- Insert boxes for the users (5 to 10 boxes each)
INSERT INTO box (location_id, box_type, box_name, box_description)
VALUES
(1, 'Cardboard', 'Box 1', 'Old clothes and books'),
(1, 'Plastic', 'Box 2', 'Christmas decorations'),
(1, 'Wooden', 'Box 3', 'Family photos'),
(1, 'Cardboard', 'Box 4', 'Kids toys'),
(1, 'Plastic', 'Box 5', 'Kitchen supplies'),
(2, 'Cardboard', 'Box 1', 'Old car parts'),
(2, 'Plastic', 'Box 2', 'Camping gear'),
(2, 'Wooden', 'Box 3', 'Paintings and artwork'),
(2, 'Cardboard', 'Box 4', 'Sports equipment'),
(3, 'Wooden', 'Box 1', 'Old furniture'),
(3, 'Cardboard', 'Box 2', 'Collectibles'),
(3, 'Plastic', 'Box 3', 'Winter clothing'),
(3, 'Wooden', 'Box 4', 'Books and magazines'),
(3, 'Plastic', 'Box 5', 'Gardening tools'),
(4, 'Cardboard', 'Box 1', 'Old electronics'),
(4, 'Plastic', 'Box 2', 'Outdoor furniture'),
(4, 'Wooden', 'Box 3', 'Camping gear'),
(4, 'Cardboard', 'Box 4', 'School supplies'),
(4, 'Plastic', 'Box 5', 'Cooking tools'),
(5, 'Wooden', 'Box 1', 'Office papers'),
(5, 'Cardboard', 'Box 2', 'Old clothes'),
(5, 'Plastic', 'Box 3', 'Toys'),
(5, 'Wooden', 'Box 4', 'Kitchenware'),
(5, 'Plastic', 'Box 5', 'Luggage'),
(6, 'Cardboard', 'Box 1', 'Garage tools'),
(6, 'Plastic', 'Box 2', 'Seasonal clothing'),
(6, 'Wooden', 'Box 3', 'Old furniture'),
(6, 'Cardboard', 'Box 4', 'Books and magazines'),
(6, 'Plastic', 'Box 5', 'Decorative items'),
(7, 'Wooden', 'Box 1', 'Furniture items'),
(7, 'Cardboard', 'Box 2', 'Art supplies'),
(7, 'Plastic', 'Box 3', 'Exercise equipment'),
(7, 'Wooden', 'Box 4', 'Old paperwork'),
(7, 'Plastic', 'Box 5', 'Cleaning supplies'),
(8, 'Cardboard', 'Box 1', 'Holiday decorations'),
(8, 'Plastic', 'Box 2', 'Books and CDs'),
(8, 'Wooden', 'Box 3', 'Kitchenware'),
(8, 'Cardboard', 'Box 4', 'Winter coats'),
(8, 'Plastic', 'Box 5', 'Electronic gadgets');

-- Insert box access for each user (permissions as creator, admin, viewer)
INSERT INTO box_access (user_id, box_id, access_level)
VALUES
(1, 1, 'creator'),
(1, 2, 'admin'),
(1, 3, 'viewer'),
(1, 4, 'admin'),
(1, 5, 'viewer'),
(2, 1, 'creator'),
(2, 2, 'admin'),
(2, 3, 'viewer'),
(2, 4, 'admin'),
(2, 5, 'viewer'),
(3, 1, 'creator'),
(3, 2, 'admin'),
(3, 3, 'viewer'),
(3, 4, 'admin'),
(3, 5, 'viewer'),
(4, 1, 'creator'),
(4, 2, 'admin'),
(4, 3, 'viewer'),
(4, 4, 'admin'),
(4, 5, 'viewer'),
(5, 1, 'creator'),
(5, 2, 'admin'),
(5, 3, 'viewer'),
(5, 4, 'admin'),
(5, 5, 'viewer'),
(6, 1, 'creator'),
(6, 2, 'admin'),
(6, 3, 'viewer'),
(6, 4, 'admin'),
(6, 5, 'viewer'),
(7, 1, 'creator'),
(7, 2, 'admin'),
(7, 3, 'viewer'),
(7, 4, 'admin'),
(7, 5, 'viewer'),
(8, 1, 'creator'),
(8, 2, 'admin'),
(8, 3, 'viewer'),
(8, 4, 'admin'),
(8, 5, 'viewer');
